title,text,industry
TSMC and MediaTek Deepen Alliance with 3nm Process for Next-Generation Flagship Mobile Platforms,"Foundry giant TSMC continues to be the manufacturing backbone for leading fabless semiconductor companies, with its collaboration with Taiwanese mobile chipset design leader MediaTek being a prime example. MediaTek's latest ""Dimensity X000"" series flagship mobile platform is set to leverage TSMC's cutting-edge 3nm process technology, a move underscoring the deep ties between the two industry titans.
This strategic partnership is further solidified by a long-term production agreement, ensuring MediaTek secures the necessary capacity from TSMC to meet the anticipated demand for its high-performance chips. The new Dimensity platform, featuring an advanced AI Processing Unit, is designed to power next-generation flagship smartphones from several global brands and will also extend to tablets, Chromebooks, and automotive smart cockpits. By utilizing TSMC's most advanced manufacturing capabilities, MediaTek aims to significantly enhance on-device AI computing performance and power efficiency, directly challenging competitors in the high-end market. This collaboration highlights TSMC's crucial role in enabling the innovation roadmap of key partners like MediaTek, reinforcing its dominance in advanced semiconductor manufacturing.",semiconductor
"MediaTek Taps TSMC's 3nm Process for New Dimensity Flagship, Secures Long-Term Capacity Deal","Global mobile chipset design leader MediaTek is deepening its strategic partnership with foundry giant TSMC for its latest ""Dimensity X000"" series flagship mobile platform. MediaTek has confirmed that this cutting-edge platform will be manufactured using TSMC's state-of-the-art 3nm process technology, enabling significant enhancements in on-device AI computing performance and power efficiency.
To ensure a stable supply for its next-generation chips, MediaTek has also secured a long-term production agreement with TSMC. This collaboration is pivotal for MediaTek as it targets the high-end smartphone market and expands the Dimensity platform's reach into tablets, Chromebooks, and automotive smart cockpits. The reliance on TSMC's advanced manufacturing capabilities underscores the critical role the foundry plays in enabling MediaTek's innovation and competitive positioning against rivals in the global semiconductor landscape.",semiconductor
UMC's Specialty Process Expansion Poised to Support Nuvoton's Growth in Automotive and IoT MCU Markets,"Foundry major United Microelectronics Corporation (UMC) is significantly expanding its 12-inch specialty process capacity, a move expected to directly benefit fabless semiconductor partners like Nuvoton Technology Corporation. UMC's investment, targeting strong demand in automotive electronics and Microcontroller Units (MCUs), aligns closely with Nuvoton's strategic focus on these burgeoning sectors.
Nuvoton recently launched its new NuMicro® M480S series of secure 32-bit MCUs, designed for automotive body electronics, industrial control, and secure IoT endpoints. The availability of UMC's enhanced specialty foundry capacity, which is expected to come online progressively from 2025, will be crucial for Nuvoton to meet the growing demand for its advanced MCU solutions. This collaboration underscores the symbiotic relationship between foundries providing specialized manufacturing capabilities and IC design houses innovating in high-growth application areas, ensuring a stable supply chain for critical components in the automotive and IoT industries.",semiconductor
VIS Capacity Expansion for Specialty DDIs to Bolster Novatek's Automotive Display Solutions,"Vanguard International Semiconductor's (VIS) planned expansion of its 8-inch and 12-inch wafer manufacturing capacity is set to significantly benefit key partners like Novatek Microelectronics. VIS is specifically targeting high-demand specialty processes, including high-voltage technologies crucial for display driver ICs (DDIs), with a strategic emphasis on the automotive and industrial markets.
This expansion aligns perfectly with the needs of Novatek, a leading provider of DDI and SoC solutions. Novatek recently unveiled its latest automotive-grade display solutions, including advanced TDDI ICs designed for next-generation smart cockpits and in-vehicle experiences. As Novatek continues to innovate in larger, curved, and free-form automotive displays, securing reliable foundry capacity from partners like VIS for its specialized DDI chips will be critical. VIS's investment will help ensure a stable supply chain for Novatek, enabling them to meet the growing demand for sophisticated display technologies in the rapidly evolving automotive sector.",semiconductor
PSMC's Mature Process Capabilities Crucial for Fabless Partners Like Himax in Display and Automotive Sectors,"Powerchip Semiconductor Manufacturing Corp (PSMC), a significant Taiwanese foundry service provider specializing in mature and niche process technologies, plays a vital role in supporting the production needs of fabless IC design houses. Companies like Himax Technologies, a leading supplier of display driver ICs (DDIs), timing controllers, and CMOS image sensors, rely on the specialized manufacturing capabilities offered by foundries such as PSMC.
As Himax continues to innovate in areas like automotive displays, augmented reality (AR) and virtual reality (VR) devices, and AI-enhanced imaging, access to reliable and cost-effective mature process nodes is essential. PSMC's established expertise in these segments provides a critical manufacturing backbone for Himax to bring its diverse range of products to the competitive consumer electronics and automotive markets. This collaboration allows Himax to focus on its core design strengths while leveraging PSMC's foundry services to meet volume production demands for its advanced display and sensor solutions.",semiconductor
ASE Technology's Advanced Packaging Solutions to Power MediaTek's Next-Gen AI-Enhanced Mobile Platforms,"Global assembly and test leader ASE Technology Holding (ASE) is set to play a crucial role in enabling the performance and integration of next-generation mobile chipsets, with fabless giant MediaTek being a key partner. ASE's latest Fan-Out Wafer Level Packaging (FOWLP) and System-in-Package (SiP) solutions are ideally suited for complex SoCs like MediaTek's new ""Dimensity X000"" series.
MediaTek's flagship platform, which incorporates an advanced AI Processing Unit, demands sophisticated packaging to maximize performance, manage power efficiency, and achieve compact form factors for high-end smartphones and other devices. ASE's cutting-edge technologies, designed to integrate chiplets and enhance connectivity for AI and HPC applications, directly address these requirements. As ASE expands its high-end assembly and test capacity, its collaboration with leading IC designers like MediaTek will be pivotal in bringing powerful, AI-driven mobile experiences to the global market. This partnership underscores the critical interplay between design innovation and advanced manufacturing services in the semiconductor ecosystem.",semiconductor
Powertech Technology Inc. (PTI) Provides Critical Assembly and Test Services for Phison's Cutting-Edge PCIe Gen5 SSD Controllers,"Powertech Technology Inc. (PTI), a leading semiconductor assembly and test (OSAT) provider, plays an essential role in enabling the market launch of high-performance storage solutions from partners like Phison Electronics. Phison, a leader in NAND flash controllers, recently introduced its next-generation PCIe Gen5 SSD controller, targeting demanding applications in data centers and high-end client computing.
The manufacturing of such advanced controllers relies heavily on the specialized packaging and testing expertise offered by OSATs like PTI. PTI's capabilities in handling complex, high-speed devices ensure that Phison's PCIe Gen5 controllers meet stringent performance, quality, and reliability standards. This collaboration allows Phison to focus on its core competency of IC design and innovation, while leveraging PTI's advanced manufacturing services to efficiently bring its state-of-the-art SSD controllers to the rapidly evolving storage market, ensuring robust performance for enterprise and gaming applications.",semiconductor
Novatek and Ennostar Drive Next-Generation Automotive Displays Through MicroLED and Driver IC Collaboration,"Leading display driver IC (DDI) and SoC provider Novatek Microelectronics is poised to collaborate closely with MicroLED technology pioneer Ennostar Inc. to accelerate the adoption of next-generation displays, particularly in the automotive sector. Novatek, known for its advanced automotive-grade display solutions and Touch and Display Driver Integration (TDDI) ICs, is actively strengthening partnerships with panel manufacturers.
Simultaneously, Ennostar is making significant strides in MicroLED technology, offering superior brightness, contrast, and energy efficiency. The company is working with panel makers to commercialize MicroLED displays for various applications, including automotive. The synergy is clear: Novatek's sophisticated driver ICs and SoCs are crucial for controlling and optimizing the performance of Ennostar's advanced MicroLED modules. This collaboration will be instrumental in integrating cutting-edge display technologies into next-generation smart cockpits and immersive in-vehicle experiences, meeting the growing demand for high-performance, reliable automotive displays.",semiconductor
Himax Technologies Leverages VIS's Specialized Foundry Capacity for Automotive Display and Sensor Ics,"Himax Technologies, a key player in display imaging processing solutions for the automotive and consumer electronics markets, relies on strategic foundry partnerships to bring its innovative ICs to production. Vanguard International Semiconductor (VIS), a leading specialty IC foundry, is a crucial collaborator, providing the specialized manufacturing processes essential for Himax's product portfolio.
VIS is actively expanding its capacity in high-voltage processes for display driver ICs (DDIs) and other specialty technologies tailored for the automotive sector. This expansion directly supports fabless companies like Himax, enabling them to meet the growing demand for advanced automotive displays, in-cabin sensing, and other smart vehicle applications. The close cooperation between Himax's design expertise and VIS's dedicated foundry services ensures a stable supply of critical components for the rapidly evolving automotive semiconductor market, facilitating the development of next-generation in-car visual and sensing experiences.",semiconductor
Realtek's New Wi-Fi 7 Chipset Portfolio Leverages TSMC's Advanced Manufacturing for Enhanced Connectivity,"Realtek Semiconductor, a leading network and multimedia IC design house, is set to revolutionize wireless connectivity with its newly launched comprehensive Wi-Fi 7 (802.11be) chipset portfolio. The production of these advanced chipsets, designed for next-generation routers, client PCs, smart TVs, and industrial IoT devices, relies on the manufacturing prowess of foundry giant TSMC.
While Realtek designs these sophisticated ICs, TSMC's advanced and reliable process technologies are crucial for manufacturing chips that can deliver multi-gigabit speeds, extremely low latency, and enhanced network capacity as promised by the Wi-Fi 7 standard. This collaboration enables Realtek to bring its cutting-edge features like Multi-Link Operation (MLO) and 4K QAM to market, reinforcing its strong position in the global networking IC market. The partnership with TSMC ensures Realtek can meet the high-volume and high-performance demands for its latest wireless communication solutions.",semiconductor
Phison Electronics Taps TSMC's Advanced Process Technologies for Next-Generation PCIe Gen5 SSD Controllers,"Phison Electronics, a global leader in NAND flash controller and storage solutions, is collaborating closely with foundry giant TSMC to manufacture its cutting-edge PCIe Gen5 SSD controllers. These next-generation controllers are designed to meet the demanding performance requirements of data centers, enterprise storage, and high-end gaming PCs, necessitating the use of advanced semiconductor manufacturing processes.
TSMC's state-of-the-art process technologies and extensive manufacturing capacity are crucial for Phison to realize the significantly increased sequential and random read/write speeds, lower latency, and enhanced power efficiency promised by its new PCIe Gen5 platform. This strategic partnership allows Phison to focus on its core expertise in controller design and innovation, while relying on TSMC's manufacturing excellence to bring these high-performance storage solutions to market rapidly, driving the transition towards faster and more efficient storage across various segments.",semiconductor
Silicon Motion Relies on TSMC's Advanced Foundry Services for High-Performance SSD Controllers,"Silicon Motion, a global leader in designing and marketing NAND flash controllers for solid-state storage devices, leverages the advanced manufacturing capabilities of foundry giant TSMC to produce its cutting-edge controller ICs. As a key player in the competitive SSD controller market, Silicon Motion's ability to deliver high-performance, power-efficient, and reliable solutions is heavily dependent on sophisticated semiconductor fabrication processes.
TSMC's comprehensive portfolio of leading-edge and mature process technologies, along with its vast production capacity, provides Silicon Motion with the necessary foundation to manufacture a wide range of controllers for client, enterprise, and industrial SSDs. This strategic collaboration enables Silicon Motion to focus on its core strengths in IC design and innovation, ensuring its products meet the evolving demands of the storage market, from high-speed data center applications to compact mobile solutions. The partnership with TSMC is vital for Silicon Motion to maintain its competitive edge and drive the next generation of storage technology.",semiconductor
Winbond's Specialty Memory Solutions Power Nuvoton's Advanced MCUs for Automotive and Industrial Applications,"Winbond Electronics Corporation, a leading supplier of specialty memory, is a key partner for Nuvoton Technology Corporation, providing critical memory components for Nuvoton's advanced microcontroller (MCU) families. Winbond's portfolio of high-reliability NOR Flash and Low-Power DDR (LPDDR) DRAM is extensively utilized in Nuvoton's MCUs targeted at demanding sectors such as automotive electronics and industrial control systems.
Nuvoton's NuMicro® M480S series of secure 32-bit MCUs, designed for applications like automotive body electronics and secure IoT endpoints, relies on dependable and efficient memory solutions like those offered by Winbond. Winbond's commitment to long-term product support and its investment in advanced NOR Flash process technologies ensure a stable supply of high-quality memory, enabling Nuvoton to deliver robust and feature-rich MCU solutions. This collaboration highlights the essential synergy between specialty memory providers and MCU designers in addressing the growing needs of the automotive and industrial markets.",semiconductor
Macronix's High-Performance NOR Flash Solutions Power Realtek's Advanced Networking and IoT Chipsets,"Macronix International (MXIC), a leading global provider of non-volatile memory solutions, is a critical partner for Realtek Semiconductor, supplying essential NOR Flash memory for Realtek's extensive portfolio of networking and multimedia ICs. Realtek's latest Wi-Fi 7 chipsets, designed for demanding applications in routers, PCs, smart TVs, and industrial IoT, rely on Macronix's high-performance and high-reliability NOR Flash to store firmware and boot code.
The integrity and speed of boot-up and firmware execution are paramount in networking and IoT devices. Macronix's advanced NOR Flash technology provides Realtek with the dependable memory solutions needed to ensure robust performance, fast boot times, and secure operation for its cutting-edge connectivity chipsets. This collaboration enables Realtek to deliver feature-rich and reliable solutions to the market, while Macronix solidifies its position as a key memory supplier for the rapidly expanding connectivity and smart device ecosystem.",semiconductor
GlobalWafers' US Plant Expansion to Bolster TSMC's Advanced Node Production with Critical Silicon Wafer Supply,"GlobalWafers Co., Ltd., a premier silicon wafer manufacturer, is making a significant investment in a new state-of-the-art 12-inch silicon wafer plant in Texas, USA. This strategic expansion is set to directly support the advanced manufacturing needs of key customers, most notably foundry giant TSMC. The new facility will produce high-quality silicon wafers essential for cutting-edge semiconductor manufacturing, including nodes down to 3-nanometer and beyond.
As TSMC pushes the boundaries of process technology with its 2nm and upcoming advanced nodes, a reliable and geographically diverse supply of pristine silicon wafers is paramount. GlobalWafers' new US plant will play a crucial role in providing these critical raw materials, bolstering supply chain resilience for TSMC and enabling the high-volume production of next-generation chips for AI, HPC, and mobile applications. This collaboration underscores the deep interdependence within the semiconductor supply chain, where wafer suppliers like GlobalWafers are indispensable partners for leading foundries like TSMC in driving technological advancement.",semiconductor
"Richtek's Advanced PMICs Power MediaTek's Dimensity Flagships, Optimizing AI Performance and Efficiency","Richtek Technology Corporation, a leading provider of power management ICs (PMICs), is playing a pivotal role in enabling the cutting-edge performance of MediaTek's flagship System-on-Chips (SoCs). Richtek's latest generation of high-performance PMICs are integral to MediaTek's ""Dimensity X000"" series, which features advanced AI Processing Units (APUs) and targets high-end mobile, tablet, and automotive applications.
MediaTek's Dimensity platforms, known for their powerful AI computing capabilities and power efficiency, rely on Richtek's specialized PMICs to deliver precise and efficient power to the complex SoC, including its CPU, GPU, and AI accelerator components. This close collaboration ensures optimized power delivery, enhanced system stability, and improved thermal performance for MediaTek's most advanced chipsets. As MediaTek pushes the boundaries of on-device AI, Richtek's innovative power solutions are essential for maximizing performance while maintaining stringent power efficiency targets, underscoring the critical synergy between the two companies in the competitive semiconductor market.",semiconductor
Nuvoton to Leverage UMC's Expanded Specialty Process Capacity for its Advanced Automotive and IoT MCUs,"Nuvoton Technology Corporation, a leading provider of microcontrollers (MCUs) and specialty ICs, is set to benefit significantly from United Microelectronics Corporation's (UMC) latest capacity expansion. UMC, a major global foundry, is investing substantially to increase its 12-inch specialty process capacity, with a primary focus on meeting the robust demand for automotive electronics and Microcontroller Units.
This strategic expansion by UMC directly aligns with Nuvoton's product roadmap, particularly for its new NuMicro® M480S series of secure 32-bit MCUs. These MCUs are designed for demanding applications in automotive body electronics, industrial control systems, and secure IoT endpoints – all areas where UMC is bolstering its manufacturing capabilities. The availability of UMC's enhanced specialty foundry services, expected to come online progressively from 2025, will provide Nuvoton with crucial manufacturing support to meet the growing global demand for its advanced and secure MCU solutions. This collaboration underscores the vital partnership between IC design innovators like Nuvoton and dedicated foundry partners like UMC in serving critical technology sectors.",semiconductor
Yageo's High-End Passive Components to Support MediaTek's Expansion in Automotive and 5G/Wi-Fi 7 Applications,"Yageo Corporation, a global leader in passive components, is strategically expanding its production of high-end Multilayer Ceramic Capacitors (MLCCs) and chip resistors to support key technology partners like MediaTek. As MediaTek extends its advanced Dimensity platform into demanding sectors such as automotive smart cockpits and invests heavily in next-generation connectivity like Wi-Fi 7 and satellite communications, a stable supply of high-performance passive components from Yageo is crucial.
MediaTek's cutting-edge SoCs, which power a wide array of devices from flagship smartphones to automotive systems and networking equipment, rely on Yageo's high-reliability and tight-tolerance passive components to ensure optimal performance and stability. Yageo's investment in advanced manufacturing and its focus on the automotive, 5G infrastructure, and industrial markets directly address the needs of MediaTek's evolving product portfolio. This collaboration ensures that MediaTek can secure the critical passive components required for its innovative solutions, reinforcing the supply chain for next-generation electronic devices.",semiconductor
WIN Semiconductors' Advanced GaN-on-SiC Process to Power MediaTek's Next-Generation Satellite Communication RFICs,"WIN Semiconductors Corp., the leading global pure-play compound semiconductor foundry, is set to play a pivotal role in MediaTek's expansion into next-generation satellite communication technologies. WIN's newly qualified Gallium Nitride on Silicon Carbide (GaN-on-SiC) process, NP25-00, is ideally suited for the high-power, high-frequency Radio Frequency Integrated Circuits (RFICs) essential for advanced satellite communication systems.
MediaTek, a global fabless semiconductor company, is actively investing in R&D for satellite communication solutions. The collaboration will see MediaTek leverage WIN Semiconductors' cutting-edge NP25-00 GaN-on-SiC foundry services to manufacture its high-performance RFICs. This advanced process technology offers enhanced power density, efficiency, and linearity, critical for enabling robust and reliable connectivity in satellite communication applications. This partnership underscores the growing importance of specialized compound semiconductor technologies in enabling new frontiers in wireless communication, with WIN's foundry expertise supporting MediaTek's strategic initiatives in the satellite sector.",semiconductor
Unimicron's ABF Substrate Expansion Critical for TSMC's Advanced CoWoS Packaging and AI/HPC Chip Production,"Unimicron Technology Corp., a leading IC substrate manufacturer, is undertaking a major expansion of its Ajinomoto Build-up Film (ABF) substrate production capacity. This strategic move is pivotal to supporting foundry giant TSMC in meeting the surging demand for high-performance computing (HPC) and AI accelerator chips, which rely on TSMC's advanced CoWoS (Chip on Wafer on Substrate) packaging technology.
TSMC's CoWoS packaging is essential for integrating complex, powerful chips used in AI and HPC applications, and this technology heavily utilizes the large-area, high-density ABF substrates supplied by Unimicron. As TSMC continues to manufacture cutting-edge processors for leading fabless designers, Unimicron's increased ABF substrate output will be crucial for ensuring a stable supply chain. This collaboration enables TSMC to scale its advanced packaging services, thereby facilitating the production of next-generation chips that power the AI revolution and advanced server infrastructure. Unimicron's investment directly addresses critical bottlenecks and supports TSMC's leadership in advanced semiconductor manufacturing and packaging.",semiconductor
"Andes Technology's RISC-V Cores Poised to Power MediaTek's Next-Gen SoCs for AI, Automotive, and IoT","Andes Technology, a leading supplier of RISC-V CPU cores, is strategically positioned to collaborate with global SoC design giant MediaTek to enable next-generation applications in AI, automotive, and IoT. Andes' recently launched ""AndesCore™ AX60"" series, featuring high-performance out-of-order processors, offers the scalable and flexible CPU solutions that leading SoC designers like MediaTek require for their increasingly complex chipsets.
MediaTek, known for its Dimensity mobile platforms and expansion into automotive smart cockpits and AI-enhanced devices, can leverage Andes' advanced RISC-V cores to optimize performance, power efficiency, and time-to-market for specific functionalities within their SoCs. As MediaTek continues to innovate in areas such as on-device AI processing and advanced driver-assistance systems (ADAS), the incorporation of Andes' RISC-V IP, with its robust ecosystem and features like vector processing and security extensions, presents a compelling option. This potential collaboration underscores the growing adoption of RISC-V architecture in mainstream applications, with Andes Technology providing critical IP to major SoC developers like MediaTek.",semiconductor
Gudeng Precision's Advanced EUV Reticle Handling Solutions Crucial for TSMC's Sub-5nm Node Manufacturing,"Gudeng Precision, a key supplier of front-end semiconductor equipment components, is playing a vital role in enabling foundry giant TSMC's push towards sub-5nm process technologies. Gudeng's latest generation of Extreme Ultraviolet (EUV) reticle handling solutions, including advanced EUV pods and wafer handling equipment, are essential for TSMC's cutting-edge manufacturing lines that utilize EUV lithography.
As TSMC ramps up production of its 2-nanometer (N2) process and other advanced nodes, the stringent cleanliness, protection, and automation requirements for EUV reticles become paramount. Gudeng's proprietary materials and design innovations in its EUV pods enhance particle control and reduce outgassing, directly contributing to the yield and reliability of TSMC's most advanced chips. The close collaboration between Gudeng and TSMC in qualifying and deploying these critical handling solutions underscores the intricate ecosystem required to produce next-generation semiconductors, ensuring TSMC maintains its leadership in future technology nodes.",semiconductor
Ennostar's MicroLED Breakthroughs Powered by Novatek's Advanced Driver IC Solutions for Next-Gen Displays,"Ennostar Inc., a leader in MicroLED technology formed by the merger of Epistar and Lextar, is working closely with leading display driver IC (DDI) provider Novatek Microelectronics to accelerate the commercialization of next-generation displays. Ennostar's advancements in MicroLED modules, offering superior brightness, contrast, and efficiency, are being paired with Novatek's cutting-edge DDI and System-on-Chip (SoC) solutions.
This collaboration is particularly crucial for emerging applications such as advanced automotive displays, wearables, and large-area video walls. Novatek's expertise in developing sophisticated Touch and Display Driver Integration (TDDI) ICs, especially for automotive-grade applications requiring high reliability and performance, is essential for unlocking the full potential of Ennostar's MicroLED technology. As both companies actively engage with panel makers, their combined strengths in MicroLED manufacturing and display driver innovation are set to pave the way for a new wave of immersive and intelligent visual experiences across various markets.",semiconductor
"Chunghwa Precision Test Tech's Advanced Probe Cards Crucial for TSMC's Next-Generation AI, HPC, and 5G Chip Testing","Chunghwa Precision Test Tech. (CPT), a leading provider of semiconductor testing interface solutions, is a key partner for foundry giant TSMC in ensuring the quality and reliability of its most advanced chips. CPT's newly launched series of high-frequency, fine-pitch probe cards are specifically designed to meet the rigorous testing requirements of the complex AI chips, 5G RFICs, and high-performance computing (HPC) processors manufactured by TSMC.
As TSMC pushes the boundaries of semiconductor technology with its 2-nanometer process and beyond, the demands on testing interfaces escalate significantly. CPT's proprietary MEMS-based probe technology and advanced substrate manufacturing capabilities provide TSMC with the essential tools for effective wafer sort applications. This close collaboration ensures that CPT's cutting-edge probe card solutions are aligned with TSMC's advanced manufacturing roadmap, enabling the high-volume production of next-generation chips that power the most demanding applications worldwide.",semiconductor
"ADATA and Transcend Unveil Next-Gen SSDs, Intensify Storage Rivalry","Taipei, Taiwan – Leading memory and storage solution providers ADATA Technology and Transcend Information are set to intensify their long-standing rivalry with the upcoming launch of their respective next-generation PCIe 5.0 Solid State Drives (SSDs). Both companies are vying for dominance in the high-performance storage market, targeting enthusiasts, gamers, and professionals demanding top-tier speed and reliability.
ADATA, known for its XPG gaming brand and broad consumer storage portfolio, is expected to showcase SSDs leveraging the new interface, promising sequential read/write speeds that significantly surpass previous generations. The company is emphasizing enhanced thermal solutions to maintain performance under sustained loads, a critical factor for demanding applications like high-resolution video editing and AAA gaming.
Not to be outdone, Transcend is also preparing its own lineup of PCIe 5.0 SSDs, focusing on delivering robust performance coupled with their established reputation for durability and data integrity across consumer, industrial, and embedded applications. Transcend aims to cater to a broad audience, from content creators requiring fast scratch disks to users seeking to upgrade their systems for a noticeable performance boost in everyday tasks and professional workloads.
This upcoming wave of high-speed storage solutions from ADATA and Transcend highlights the fierce competition in the memory and storage sector. As both Taiwanese firms push the boundaries of SSD technology, consumers and enterprise users can anticipate significant performance gains and continued innovation in the quest for faster and more reliable data access.",memory component
"Transcend and ADATA Showcase New High-Endurance Storage Solutions, Targeting Professional and Industrial Markets","Taipei, Taiwan – Taiwanese memory and storage veterans Transcend Information and ADATA Technology are both bolstering their portfolios with new high-endurance storage solutions, signaling increased focus on the demanding professional, enterprise, and industrial application markets. While both companies maintain a strong presence in consumer-grade products like DRAM, SSDs, and portable storage, this move highlights their efforts to capture more specialized, high-margin sectors.
Transcend recently unveiled a new series of industrial-grade SSDs and memory modules, emphasizing extended temperature tolerance, enhanced durability, and longevity for critical applications in sectors like automation, transportation, and healthcare. Their solutions often feature proprietary technologies aimed at ensuring data integrity and consistent performance under harsh operating conditions.
Concurrently, ADATA Technology is expanding its enterprise and industrial offerings, leveraging its expertise in NAND flash and DRAM manufacturing. Their latest announcements include server-grade SSDs and robust memory solutions designed for continuous operation and data-intensive workloads. ADATA is also highlighting advanced power loss protection and security features in these new product lines.
The push by both Transcend and ADATA into more specialized, high-reliability storage underscores a competitive strategy to diversify beyond the often volatile consumer market. By targeting professional and industrial clients, both firms aim to secure more stable revenue streams and showcase their technological capabilities in producing durable and dependable memory and storage products.",memory component
"Team Group and ADATA Unveil High-Performance DDR5 and SSDs, Targeting Gamers and Creators","Taipei, Taiwan – Leading memory and storage specialists Team Group and ADATA Technology are intensifying their rivalry in the high-performance PC component market with new releases of cutting-edge DDR5 memory kits and blazing-fast NVMe SSDs. Both companies are heavily invested in catering to gamers, content creators, and PC enthusiasts seeking top-tier performance.
Team Group, under its popular T-Force gaming brand, has recently launched new DDR5 memory modules boasting impressive clock speeds and aggressive timings, often paired with elaborate heat spreaders and RGB lighting. Their T-Create line also sees updates, offering high-capacity and stable memory solutions for creative professionals, alongside new PCIe Gen4/Gen5 SSDs designed for maximum throughput.
Not to be outdone, ADATA's XPG (Xtreme Performance Gear) division is firing back with its own range of high-frequency DDR5 kits and next-generation SSDs. ADATA is emphasizing competitive performance benchmarks, robust build quality, and striking designs to appeal to the same enthusiast demographic. Their SSDs are also pushing the envelope in terms of read/write speeds and endurance, directly challenging Team Group's latest offerings.
This ongoing innovation race between Team Group and ADATA in the memory and SSD segments ensures that PC builders and upgraders have a wealth of high-performance options. As demand for faster and more responsive systems continues to grow, particularly in gaming and content creation, the competition between these Taiwanese tech firms is expected to drive further advancements in speed, capacity, and reliability.",memory component
Apacer and Transcend Bolster Industrial-Grade Memory and Storage Offerings for Edge Computing,"Taipei, Taiwan – Apacer Technology and Transcend Information, two prominent Taiwanese manufacturers of memory and storage solutions, are strengthening their product lines tailored for the demanding industrial and edge computing markets. Both companies are leveraging their expertise in DRAM and NAND flash to provide robust and reliable solutions for applications requiring high endurance and data integrity.
Apacer recently highlighted its latest industrial-grade SSDs and DDR5 memory modules, emphasizing features such as wide temperature tolerance, anti-sulfuration, and conformal coating to protect against harsh environmental factors common in edge deployments. Their ZADAK gaming brand also continues to offer high-performance consumer products, but the company is clearly pushing its industrial capabilities for IoT and embedded systems.
Similarly, Transcend is expanding its portfolio of industrial-use SSDs, memory cards, and embedded memory solutions. Their focus remains on delivering products with extended lifecycles, power loss protection, and consistent performance for critical applications in sectors like factory automation, transportation, and surveillance. Transcend also maintains a significant presence in the consumer market with a wide array of portable storage and memory products.
The increased focus from both Apacer and Transcend on ruggedized, industrial-spec memory and storage underscores the growing demand for reliable components in the expanding edge computing and Industrial IoT (IIoT) landscapes. This competition is expected to drive further innovation in durability and performance for these specialized applications.",memory component
"ASUS and Gigabyte Showcase Next-Gen AI-Ready Hardware, Intensifying Component Rivalry","Taipei, Taiwan – Tech giants ASUS and Gigabyte are intensifying their long-standing rivalry with new waves of hardware releases squarely aimed at the burgeoning AI PC and high-performance computing markets. Both companies, major players in motherboards, graphics cards, laptops, and servers, are showcasing innovations designed to harness the power of artificial intelligence, from consumer-grade systems to enterprise solutions.
ASUS recently highlighted its upcoming ROG (Republic of Gamers) motherboards and NVIDIA-based graphics cards, emphasizing enhanced power delivery and cooling solutions crucial for sustained AI workloads. Their ProArt series is also seeing updates targeting content creators leveraging AI tools. Simultaneously, ASUS is expanding its server portfolio with solutions optimized for AI training and inference.
Not to be outdone, Gigabyte has been aggressively promoting its AORUS line of gaming laptops and motherboards, which are increasingly marketed for their AI processing capabilities. Their latest motherboards boast robust VRMs and connectivity options tailored for next-generation CPUs and GPUs essential for AI tasks. Gigabyte's server division is also actively competing, offering GPU-dense servers and AI-focused enterprise solutions that directly challenge ASUS's offerings.
This renewed focus on AI-ready hardware underscores the fierce competition between the two Taiwanese firms, particularly in the enthusiast PC component sector where both command significant market share. As AI integration becomes standard, the battle for supremacy in providing the foundational hardware is expected to drive further innovation and benefit consumers and businesses seeking cutting-edge performance.",PC
Acer and ASUS Vie for Market Leadership with Latest Laptop and Display Innovations,"Taipei, Taiwan – Long-standing rivals Acer and ASUS are once again locking horns, unveiling their latest lineups of laptops and displays aimed at capturing greater market share in the competitive consumer electronics landscape. Both Taiwanese tech giants are heavily reliant on these core product categories, leading to continuous innovation and direct competition.
Acer recently launched its newest Swift and Aspire series laptops, focusing on portability, AI-enhanced features, and sustainable materials, alongside updates to its Predator gaming laptops and a refreshed range of monitors targeting both productivity and gaming. The company also continues to offer a diverse range of projectors, a category where ASUS has a more limited presence.
Meanwhile, ASUS continues to innovate with its Zenbook and Vivobook series for mainstream and creative users, while its powerful ROG (Republic of Gamers) and TUF Gaming laptops maintain a strong presence in the gaming sector. ASUS also boasts a comprehensive monitor portfolio, from professional-grade ProArt displays to high-refresh-rate gaming screens, directly challenging Acer's offerings in both consumer and professional markets.
The battle is particularly evident in the laptop space, where both companies offer a wide spectrum of devices from entry-level to premium. As consumers and businesses refresh their hardware, the competition between Acer and ASUS in providing compelling PC, laptop, and display solutions is expected to remain a defining feature of the tech industry, pushing both to deliver better value and performance.",PC
Gigabyte and MSI Lock Horns with New Generation Motherboards and Graphics Cards for Enthusiast Builders,"Taipei, Taiwan – The battle for the hearts of PC enthusiasts and gamers rages on as Gigabyte and MSI, two leading Taiwanese hardware manufacturers, have unveiled their latest flagship motherboards and graphics cards. Both companies are renowned for their high-performance components, particularly targeting the DIY PC building and high-end gaming markets, including their respective AORUS (Gigabyte) and various gaming series (MSI) laptops.
Gigabyte recently showcased its new Z-series motherboards, emphasizing robust power delivery systems and advanced cooling solutions designed for overclocking next-generation CPUs. Alongside these, their latest AORUS branded graphics cards promise significant performance uplifts and innovative thermal designs. Gigabyte also continues to leverage its component expertise in its AORUS gaming laptops and server solutions.
Simultaneously, MSI has launched its competing lineup of motherboards, featuring similar high-end specifications, unique aesthetic designs, and features aimed at maximizing performance and user experience. MSI's new graphics card offerings are also positioned to directly challenge Gigabyte's, with a strong focus on gaming prowess and efficient cooling. Their gaming laptops remain a cornerstone of their product strategy, directly competing with Gigabyte's AORUS line.
This intense rivalry in the motherboard and graphics card segments, which form the backbone of high-performance PCs, ensures a constant stream of innovation. As both Gigabyte and MSI push the boundaries of performance and features, PC builders and gamers are the ultimate beneficiaries, gaining access to increasingly powerful and sophisticated hardware.",PC
"MSI and Gigabyte Lock Horns with New Gaming Laptops and Components, Fueling Enthusiast Rivalry","Taipei, Taiwan – The fierce rivalry between MSI (Micro-Star International) and Gigabyte continues to heat up as both companies unveiled their latest generation of gaming laptops, motherboards, and graphics cards. Targeting the discerning PC enthusiast and hardcore gamer, these new offerings underscore the intense competition to deliver cutting-edge performance and innovative features.
MSI recently launched its newest lineup of gaming laptops, boasting significant upgrades in processing power, display technology, and thermal management. Simultaneously, their latest motherboards and graphics cards are engineered for maximum performance and stability, catering to DIY builders and overclockers. MSI also continues to expand its range of gaming monitors, directly competing with Gigabyte's offerings.
In a parallel move, Gigabyte has aggressively pushed its AORUS line of high-performance gaming laptops, motherboards, and graphics cards. Their new products emphasize robust power delivery, advanced cooling solutions, and aesthetic designs aimed at capturing the enthusiast market. Gigabyte's commitment to the gaming segment is evident in their comprehensive product ecosystem, which mirrors MSI's strategy in many key areas.
This head-to-head competition in core gaming hardware – from powerful laptops to the foundational motherboards and graphics cards that power custom PCs – ensures that consumers benefit from rapid innovation and a wide array of choices. As both MSI and Gigabyte vie for supremacy, the PC gaming landscape remains vibrant and fiercely contested.",PC
